cloud_run_service_add_tag,run/add_tag
cloud_run_service_configuration,run/configuration
cloud_run_service_connect_cloud_sql,run/connect_cloud_sql
cloud_run_service_custom_domain_mapping,run/custom_domain_mapping
cloud_run_service_deploy_tag,run/deploy_tag
cloud_run_service_image_processing,run/image_processing
cloud_run_service_ingress,run/ingress
cloud_run_service_interservice,run/interservice
cloud_run_service_multiple_regions,run/multiple_regions
cloud_run_service_noauth,run/noauth
cloud_run_service_pubsub,run/pubsub
cloud_run_service_remove_tag,run/remove_tag
cloud_run_service_scheduled,run/scheduled
cloud_run_service_secure_services,run/secure_services
cloud_run_service_static_outbound,run/static_outbound
cloud_run_service_tasks,run/tasks
cloud_run_service_traffic_gradual_rollout,run/traffic_gradual_rollout
cloud_run_service_traffic_latest_revision,run/traffic_latest_revision
cloud_run_service_traffic_rollback,run/traffic_rollback
cloud_run_service_traffic_split,run/traffic_split
cloud_run_service_traffic_split_tag,run/traffic_split_tag
cloud_run_system_packages,run/system_packages
cloudrun_service_access_control,run/access_control
cloudrun_service_identity,run/service_identity
cloudrun_vpc_access_connector,run/vpc_access_connector
