source, destination
cloud_run_healthchecks_liveness_probe_gRPC,run/healthchecks_liveness_probe_gr
cloud_run_healthchecks_liveness_probe_http,run/healthchecks_liveness_probe_http
cloud_run_healthchecks_startup_probe_http,run/healthchecks_startup_probe_http
cloud_run_healthchecks_startup_probe_tcp,run/healthchecks_startup_probe_tcp
cloud_run_jobs_create,run/jobs_create
cloud_run_jobs_execute_jobs_on_schedule,run/jobs_execute_jobs_on_schedule
cloud_run_jobs_max_retries_create,run/jobs_max_retries_create
cloud_run_jobs_task_parallelism_create,run/jobs_task_parallelism_create
cloud_run_jobs_task_timeout_create,run/jobs_task_timeout_create
